Point,Test,Output,Nominal,Spec,Weight,Pass/Fail
Parameters: input_port_f=6G,,,,,,
1,MMPA_V1_v15tb_11,hb_ocp1dbm_value,12.18,,,
1,MMPA_V1_v15tb_11,hb_peakPAE_value,24.85,,,
1,MMPA_V1_v15tb_11,hb_gainAt-20dbm_value,15.22,> 18,,fail
1,MMPA_V1_v15tb_11,hb_PAEAtOcp1dbm,9.981,,,
1,MMPA_V1_v15tb_11,hb_comp_curve,,,,
1,MMPA_V1_v15tb_11,hb_outputPowerW_curve,,,,
1,MMPA_V1_v15tb_11,hb_outputPowerDBM_curve,,,,
1,MMPA_V1_v15tb_11,hb_PAE_curve,,,,
1,MMPA_V1_v15tb_10,hb_comp_curve,,,,
1,MMPA_V1_v15tb_10,hb_ocp1dbm_value,12.95,,,
1,MMPA_V1_v15tb_10,hb_peakPAE_value,19.98,,,
1,MMPA_V1_v15tb_10,hb_gainAt-20dbm_value,12.47,> 18,,fail
1,MMPA_V1_v15tb_10,hb_PAEAtOcp1dbm,17.13,,,
1,MMPA_V1_v15tb_10,hb_outputPowerW_curve,,,,
1,MMPA_V1_v15tb_10,hb_outputPowerDBM_curve,,,,
1,MMPA_V1_v15tb_10,hb_PAE_curve,,,,
1,MMPA_V1_v15tb_10,/OUTPUT_PORT/PLUS,,,,
1,MMPA_V1_v15tb_10,/vdd!,,,,
1,MMPA_V1_v15tb_10,/INPUT_PORT/PLUS,,,,
1,MMPA_V1_v15tb_10,/INPUT_NODE,,,,
1,MMPA_V1_v15tb_10,/VDD/PLUS,,,,
1,MMPA_V1_v15tb_01,hb_comp_curve,,,,
1,MMPA_V1_v15tb_01,hb_ocp1dbm_value,7.75,,,
1,MMPA_V1_v15tb_01,hb_peakPAE_value,8.704,,,
1,MMPA_V1_v15tb_01,hb_gainAt-20dbm_value,11.95,> 18,,fail
1,MMPA_V1_v15tb_01,hb_PAEAtOcp1dbm,7.12,,,
1,MMPA_V1_v15tb_01,hb_outputPowerW_curve,,,,
1,MMPA_V1_v15tb_01,hb_outputPowerDBM_curve,,,,
1,MMPA_V1_v15tb_01,hb_PAE_curve,,,,
1,MMPA_V1_v15tb_01,/VDD/PLUS,,,,
1,MMPA_V1_v15tb_01,/OUTPUT_PORT/PLUS,,,,
1,MMPA_V1_v15tb_01,/vdd!,,,,
1,MMPA_V1_v15tb_01,/INPUT_NODE,,,,
1,MMPA_V1_v15tb_01,/INPUT_PORT/PLUS,,,,
Parameters: input_port_f=6.05G,,,,,,
2,MMPA_V1_v15tb_11,hb_ocp1dbm_value,12.25,,,
2,MMPA_V1_v15tb_11,hb_peakPAE_value,25,,,
2,MMPA_V1_v15tb_11,hb_gainAt-20dbm_value,15.58,> 18,,fail
2,MMPA_V1_v15tb_11,hb_PAEAtOcp1dbm,10.18,,,
2,MMPA_V1_v15tb_11,hb_comp_curve,,,,
2,MMPA_V1_v15tb_11,hb_outputPowerW_curve,,,,
2,MMPA_V1_v15tb_11,hb_outputPowerDBM_curve,,,,
2,MMPA_V1_v15tb_11,hb_PAE_curve,,,,
2,MMPA_V1_v15tb_10,hb_comp_curve,,,,
2,MMPA_V1_v15tb_10,hb_ocp1dbm_value,13.01,,,
2,MMPA_V1_v15tb_10,hb_peakPAE_value,20.47,,,
2,MMPA_V1_v15tb_10,hb_gainAt-20dbm_value,13.28,> 18,,fail
2,MMPA_V1_v15tb_10,hb_PAEAtOcp1dbm,17.45,,,
2,MMPA_V1_v15tb_10,hb_outputPowerW_curve,,,,
2,MMPA_V1_v15tb_10,hb_outputPowerDBM_curve,,,,
2,MMPA_V1_v15tb_10,hb_PAE_curve,,,,
2,MMPA_V1_v15tb_10,/OUTPUT_PORT/PLUS,,,,
2,MMPA_V1_v15tb_10,/vdd!,,,,
2,MMPA_V1_v15tb_10,/INPUT_PORT/PLUS,,,,
2,MMPA_V1_v15tb_10,/INPUT_NODE,,,,
2,MMPA_V1_v15tb_10,/VDD/PLUS,,,,
2,MMPA_V1_v15tb_01,hb_comp_curve,,,,
2,MMPA_V1_v15tb_01,hb_ocp1dbm_value,7.662,,,
2,MMPA_V1_v15tb_01,hb_peakPAE_value,8.784,,,
2,MMPA_V1_v15tb_01,hb_gainAt-20dbm_value,12.86,> 18,,fail
2,MMPA_V1_v15tb_01,hb_PAEAtOcp1dbm,6.989,,,
2,MMPA_V1_v15tb_01,hb_outputPowerW_curve,,,,
2,MMPA_V1_v15tb_01,hb_outputPowerDBM_curve,,,,
2,MMPA_V1_v15tb_01,hb_PAE_curve,,,,
2,MMPA_V1_v15tb_01,/VDD/PLUS,,,,
2,MMPA_V1_v15tb_01,/OUTPUT_PORT/PLUS,,,,
2,MMPA_V1_v15tb_01,/vdd!,,,,
2,MMPA_V1_v15tb_01,/INPUT_NODE,,,,
2,MMPA_V1_v15tb_01,/INPUT_PORT/PLUS,,,,
Parameters: input_port_f=6.1G,,,,,,
3,MMPA_V1_v15tb_11,hb_ocp1dbm_value,12.29,,,
3,MMPA_V1_v15tb_11,hb_peakPAE_value,25.09,,,
3,MMPA_V1_v15tb_11,hb_gainAt-20dbm_value,15.92,> 18,,fail
3,MMPA_V1_v15tb_11,hb_PAEAtOcp1dbm,10.29,,,
3,MMPA_V1_v15tb_11,hb_comp_curve,,,,
3,MMPA_V1_v15tb_11,hb_outputPowerW_curve,,,,
3,MMPA_V1_v15tb_11,hb_outputPowerDBM_curve,,,,
3,MMPA_V1_v15tb_11,hb_PAE_curve,,,,
3,MMPA_V1_v15tb_10,hb_comp_curve,,,,
3,MMPA_V1_v15tb_10,hb_ocp1dbm_value,13.05,,,
3,MMPA_V1_v15tb_10,hb_peakPAE_value,20.92,,,
3,MMPA_V1_v15tb_10,hb_gainAt-20dbm_value,14.07,> 18,,fail
3,MMPA_V1_v15tb_10,hb_PAEAtOcp1dbm,17.7,,,
3,MMPA_V1_v15tb_10,hb_outputPowerW_curve,,,,
3,MMPA_V1_v15tb_10,hb_outputPowerDBM_curve,,,,
3,MMPA_V1_v15tb_10,hb_PAE_curve,,,,
3,MMPA_V1_v15tb_10,/OUTPUT_PORT/PLUS,,,,
3,MMPA_V1_v15tb_10,/vdd!,,,,
3,MMPA_V1_v15tb_10,/INPUT_PORT/PLUS,,,,
3,MMPA_V1_v15tb_10,/INPUT_NODE,,,,
3,MMPA_V1_v15tb_10,/VDD/PLUS,,,,
3,MMPA_V1_v15tb_01,hb_comp_curve,,,,
3,MMPA_V1_v15tb_01,hb_ocp1dbm_value,7.537,,,
3,MMPA_V1_v15tb_01,hb_peakPAE_value,8.814,,,
3,MMPA_V1_v15tb_01,hb_gainAt-20dbm_value,13.77,> 18,,fail
3,MMPA_V1_v15tb_01,hb_PAEAtOcp1dbm,6.788,,,
3,MMPA_V1_v15tb_01,hb_outputPowerW_curve,,,,
3,MMPA_V1_v15tb_01,hb_outputPowerDBM_curve,,,,
3,MMPA_V1_v15tb_01,hb_PAE_curve,,,,
3,MMPA_V1_v15tb_01,/VDD/PLUS,,,,
3,MMPA_V1_v15tb_01,/OUTPUT_PORT/PLUS,,,,
3,MMPA_V1_v15tb_01,/vdd!,,,,
3,MMPA_V1_v15tb_01,/INPUT_NODE,,,,
3,MMPA_V1_v15tb_01,/INPUT_PORT/PLUS,,,,
Parameters: input_port_f=6.15G,,,,,,
4,MMPA_V1_v15tb_11,hb_ocp1dbm_value,12.3,,,
4,MMPA_V1_v15tb_11,hb_peakPAE_value,25.19,,,
4,MMPA_V1_v15tb_11,hb_gainAt-20dbm_value,16.26,> 18,,near
4,MMPA_V1_v15tb_11,hb_PAEAtOcp1dbm,10.35,,,
4,MMPA_V1_v15tb_11,hb_comp_curve,,,,
4,MMPA_V1_v15tb_11,hb_outputPowerW_curve,,,,
4,MMPA_V1_v15tb_11,hb_outputPowerDBM_curve,,,,
4,MMPA_V1_v15tb_11,hb_PAE_curve,,,,
4,MMPA_V1_v15tb_10,hb_comp_curve,,,,
4,MMPA_V1_v15tb_10,hb_ocp1dbm_value,13.09,,,
4,MMPA_V1_v15tb_10,hb_peakPAE_value,21.32,,,
4,MMPA_V1_v15tb_10,hb_gainAt-20dbm_value,14.85,> 18,,fail
4,MMPA_V1_v15tb_10,hb_PAEAtOcp1dbm,17.93,,,
4,MMPA_V1_v15tb_10,hb_outputPowerW_curve,,,,
4,MMPA_V1_v15tb_10,hb_outputPowerDBM_curve,,,,
4,MMPA_V1_v15tb_10,hb_PAE_curve,,,,
4,MMPA_V1_v15tb_10,/OUTPUT_PORT/PLUS,,,,
4,MMPA_V1_v15tb_10,/vdd!,,,,
4,MMPA_V1_v15tb_10,/INPUT_PORT/PLUS,,,,
4,MMPA_V1_v15tb_10,/INPUT_NODE,,,,
4,MMPA_V1_v15tb_10,/VDD/PLUS,,,,
4,MMPA_V1_v15tb_01,hb_comp_curve,,,,
4,MMPA_V1_v15tb_01,hb_ocp1dbm_value,7.369,,,
4,MMPA_V1_v15tb_01,hb_peakPAE_value,8.809,,,
4,MMPA_V1_v15tb_01,hb_gainAt-20dbm_value,14.68,> 18,,fail
4,MMPA_V1_v15tb_01,hb_PAEAtOcp1dbm,6.517,,,
4,MMPA_V1_v15tb_01,hb_outputPowerW_curve,,,,
4,MMPA_V1_v15tb_01,hb_outputPowerDBM_curve,,,,
4,MMPA_V1_v15tb_01,hb_PAE_curve,,,,
4,MMPA_V1_v15tb_01,/VDD/PLUS,,,,
4,MMPA_V1_v15tb_01,/OUTPUT_PORT/PLUS,,,,
4,MMPA_V1_v15tb_01,/vdd!,,,,
4,MMPA_V1_v15tb_01,/INPUT_NODE,,,,
4,MMPA_V1_v15tb_01,/INPUT_PORT/PLUS,,,,
Parameters: input_port_f=6.2G,,,,,,
5,MMPA_V1_v15tb_11,hb_ocp1dbm_value,12.3,,,
5,MMPA_V1_v15tb_11,hb_peakPAE_value,25.28,,,
5,MMPA_V1_v15tb_11,hb_gainAt-20dbm_value,16.58,> 18,,near
5,MMPA_V1_v15tb_11,hb_PAEAtOcp1dbm,10.36,,,
5,MMPA_V1_v15tb_11,hb_comp_curve,,,,
5,MMPA_V1_v15tb_11,hb_outputPowerW_curve,,,,
5,MMPA_V1_v15tb_11,hb_outputPowerDBM_curve,,,,
5,MMPA_V1_v15tb_11,hb_PAE_curve,,,,
5,MMPA_V1_v15tb_10,hb_comp_curve,,,,
5,MMPA_V1_v15tb_10,hb_ocp1dbm_value,13.06,,,
5,MMPA_V1_v15tb_10,hb_peakPAE_value,21.61,,,
5,MMPA_V1_v15tb_10,hb_gainAt-20dbm_value,15.6,> 18,,fail
5,MMPA_V1_v15tb_10,hb_PAEAtOcp1dbm,17.84,,,
5,MMPA_V1_v15tb_10,hb_outputPowerW_curve,,,,
5,MMPA_V1_v15tb_10,hb_outputPowerDBM_curve,,,,
5,MMPA_V1_v15tb_10,hb_PAE_curve,,,,
5,MMPA_V1_v15tb_10,/OUTPUT_PORT/PLUS,,,,
5,MMPA_V1_v15tb_10,/vdd!,,,,
5,MMPA_V1_v15tb_10,/INPUT_PORT/PLUS,,,,
5,MMPA_V1_v15tb_10,/INPUT_NODE,,,,
5,MMPA_V1_v15tb_10,/VDD/PLUS,,,,
5,MMPA_V1_v15tb_01,hb_comp_curve,,,,
5,MMPA_V1_v15tb_01,hb_ocp1dbm_value,7.133,,,
5,MMPA_V1_v15tb_01,hb_peakPAE_value,8.797,,,
5,MMPA_V1_v15tb_01,hb_gainAt-20dbm_value,15.56,> 18,,fail
5,MMPA_V1_v15tb_01,hb_PAEAtOcp1dbm,6.165,,,
5,MMPA_V1_v15tb_01,hb_outputPowerW_curve,,,,
5,MMPA_V1_v15tb_01,hb_outputPowerDBM_curve,,,,
5,MMPA_V1_v15tb_01,hb_PAE_curve,,,,
5,MMPA_V1_v15tb_01,/VDD/PLUS,,,,
5,MMPA_V1_v15tb_01,/OUTPUT_PORT/PLUS,,,,
5,MMPA_V1_v15tb_01,/vdd!,,,,
5,MMPA_V1_v15tb_01,/INPUT_NODE,,,,
5,MMPA_V1_v15tb_01,/INPUT_PORT/PLUS,,,,
Parameters: input_port_f=6.25G,,,,,,
6,MMPA_V1_v15tb_11,hb_ocp1dbm_value,12.3,,,
6,MMPA_V1_v15tb_11,hb_peakPAE_value,25.35,,,
6,MMPA_V1_v15tb_11,hb_gainAt-20dbm_value,16.89,> 18,,near
6,MMPA_V1_v15tb_11,hb_PAEAtOcp1dbm,10.37,,,
6,MMPA_V1_v15tb_11,hb_comp_curve,,,,
6,MMPA_V1_v15tb_11,hb_outputPowerW_curve,,,,
6,MMPA_V1_v15tb_11,hb_outputPowerDBM_curve,,,,
6,MMPA_V1_v15tb_11,hb_PAE_curve,,,,
6,MMPA_V1_v15tb_10,hb_comp_curve,,,,
6,MMPA_V1_v15tb_10,hb_ocp1dbm_value,12.94,,,
6,MMPA_V1_v15tb_10,hb_peakPAE_value,21.86,,,
6,MMPA_V1_v15tb_10,hb_gainAt-20dbm_value,16.31,> 18,,near
6,MMPA_V1_v15tb_10,hb_PAEAtOcp1dbm,17.41,,,
6,MMPA_V1_v15tb_10,hb_outputPowerW_curve,,,,
6,MMPA_V1_v15tb_10,hb_outputPowerDBM_curve,,,,
6,MMPA_V1_v15tb_10,hb_PAE_curve,,,,
6,MMPA_V1_v15tb_10,/OUTPUT_PORT/PLUS,,,,
6,MMPA_V1_v15tb_10,/vdd!,,,,
6,MMPA_V1_v15tb_10,/INPUT_PORT/PLUS,,,,
6,MMPA_V1_v15tb_10,/INPUT_NODE,,,,
6,MMPA_V1_v15tb_10,/VDD/PLUS,,,,
6,MMPA_V1_v15tb_01,hb_comp_curve,,,,
6,MMPA_V1_v15tb_01,hb_ocp1dbm_value,6.83,,,
6,MMPA_V1_v15tb_01,hb_peakPAE_value,8.759,,,
6,MMPA_V1_v15tb_01,hb_gainAt-20dbm_value,16.4,> 18,,near
6,MMPA_V1_v15tb_01,hb_PAEAtOcp1dbm,5.746,,,
6,MMPA_V1_v15tb_01,hb_outputPowerW_curve,,,,
6,MMPA_V1_v15tb_01,hb_outputPowerDBM_curve,,,,
6,MMPA_V1_v15tb_01,hb_PAE_curve,,,,
6,MMPA_V1_v15tb_01,/VDD/PLUS,,,,
6,MMPA_V1_v15tb_01,/OUTPUT_PORT/PLUS,,,,
6,MMPA_V1_v15tb_01,/vdd!,,,,
6,MMPA_V1_v15tb_01,/INPUT_NODE,,,,
6,MMPA_V1_v15tb_01,/INPUT_PORT/PLUS,,,,
Parameters: input_port_f=6.3G,,,,,,
7,MMPA_V1_v15tb_11,hb_ocp1dbm_value,12.29,,,
7,MMPA_V1_v15tb_11,hb_peakPAE_value,25.37,,,
7,MMPA_V1_v15tb_11,hb_gainAt-20dbm_value,17.18,> 18,,near
7,MMPA_V1_v15tb_11,hb_PAEAtOcp1dbm,10.36,,,
7,MMPA_V1_v15tb_11,hb_comp_curve,,,,
7,MMPA_V1_v15tb_11,hb_outputPowerW_curve,,,,
7,MMPA_V1_v15tb_11,hb_outputPowerDBM_curve,,,,
7,MMPA_V1_v15tb_11,hb_PAE_curve,,,,
7,MMPA_V1_v15tb_10,hb_comp_curve,,,,
7,MMPA_V1_v15tb_10,hb_ocp1dbm_value,12.81,,,
7,MMPA_V1_v15tb_10,hb_peakPAE_value,22.06,,,
7,MMPA_V1_v15tb_10,hb_gainAt-20dbm_value,16.97,> 18,,near
7,MMPA_V1_v15tb_10,hb_PAEAtOcp1dbm,16.94,,,
7,MMPA_V1_v15tb_10,hb_outputPowerW_curve,,,,
7,MMPA_V1_v15tb_10,hb_outputPowerDBM_curve,,,,
7,MMPA_V1_v15tb_10,hb_PAE_curve,,,,
7,MMPA_V1_v15tb_10,/OUTPUT_PORT/PLUS,,,,
7,MMPA_V1_v15tb_10,/vdd!,,,,
7,MMPA_V1_v15tb_10,/INPUT_PORT/PLUS,,,,
7,MMPA_V1_v15tb_10,/INPUT_NODE,,,,
7,MMPA_V1_v15tb_10,/VDD/PLUS,,,,
7,MMPA_V1_v15tb_01,hb_comp_curve,,,,
7,MMPA_V1_v15tb_01,hb_ocp1dbm_value,6.373,,,
7,MMPA_V1_v15tb_01,hb_peakPAE_value,8.712,,,
7,MMPA_V1_v15tb_01,hb_gainAt-20dbm_value,17.17,> 18,,near
7,MMPA_V1_v15tb_01,hb_PAEAtOcp1dbm,5.172,,,
7,MMPA_V1_v15tb_01,hb_outputPowerW_curve,,,,
7,MMPA_V1_v15tb_01,hb_outputPowerDBM_curve,,,,
7,MMPA_V1_v15tb_01,hb_PAE_curve,,,,
7,MMPA_V1_v15tb_01,/VDD/PLUS,,,,
7,MMPA_V1_v15tb_01,/OUTPUT_PORT/PLUS,,,,
7,MMPA_V1_v15tb_01,/vdd!,,,,
7,MMPA_V1_v15tb_01,/INPUT_NODE,,,,
7,MMPA_V1_v15tb_01,/INPUT_PORT/PLUS,,,,
Parameters: input_port_f=6.35G,,,,,,
8,MMPA_V1_v15tb_11,hb_ocp1dbm_value,12.26,,,
8,MMPA_V1_v15tb_11,hb_peakPAE_value,25.33,,,
8,MMPA_V1_v15tb_11,hb_gainAt-20dbm_value,17.45,> 18,,near
8,MMPA_V1_v15tb_11,hb_PAEAtOcp1dbm,10.31,,,
8,MMPA_V1_v15tb_11,hb_comp_curve,,,,
8,MMPA_V1_v15tb_11,hb_outputPowerW_curve,,,,
8,MMPA_V1_v15tb_11,hb_outputPowerDBM_curve,,,,
8,MMPA_V1_v15tb_11,hb_PAE_curve,,,,
8,MMPA_V1_v15tb_10,hb_comp_curve,,,,
8,MMPA_V1_v15tb_10,hb_ocp1dbm_value,12.63,,,
8,MMPA_V1_v15tb_10,hb_peakPAE_value,22.13,,,
8,MMPA_V1_v15tb_10,hb_gainAt-20dbm_value,17.57,> 18,,near
8,MMPA_V1_v15tb_10,hb_PAEAtOcp1dbm,16.28,,,
8,MMPA_V1_v15tb_10,hb_outputPowerW_curve,,,,
8,MMPA_V1_v15tb_10,hb_outputPowerDBM_curve,,,,
8,MMPA_V1_v15tb_10,hb_PAE_curve,,,,
8,MMPA_V1_v15tb_10,/OUTPUT_PORT/PLUS,,,,
8,MMPA_V1_v15tb_10,/vdd!,,,,
8,MMPA_V1_v15tb_10,/INPUT_PORT/PLUS,,,,
8,MMPA_V1_v15tb_10,/INPUT_NODE,,,,
8,MMPA_V1_v15tb_10,/VDD/PLUS,,,,
8,MMPA_V1_v15tb_01,hb_comp_curve,,,,
8,MMPA_V1_v15tb_01,hb_ocp1dbm_value,5.739,,,
8,MMPA_V1_v15tb_01,hb_peakPAE_value,8.653,,,
8,MMPA_V1_v15tb_01,hb_gainAt-20dbm_value,17.83,> 18,,near
8,MMPA_V1_v15tb_01,hb_PAEAtOcp1dbm,4.48,,,
8,MMPA_V1_v15tb_01,hb_outputPowerW_curve,,,,
8,MMPA_V1_v15tb_01,hb_outputPowerDBM_curve,,,,
8,MMPA_V1_v15tb_01,hb_PAE_curve,,,,
8,MMPA_V1_v15tb_01,/VDD/PLUS,,,,
8,MMPA_V1_v15tb_01,/OUTPUT_PORT/PLUS,,,,
8,MMPA_V1_v15tb_01,/vdd!,,,,
8,MMPA_V1_v15tb_01,/INPUT_NODE,,,,
8,MMPA_V1_v15tb_01,/INPUT_PORT/PLUS,,,,
Parameters: input_port_f=6.4G,,,,,,
9,MMPA_V1_v15tb_11,hb_ocp1dbm_value,12.22,,,
9,MMPA_V1_v15tb_11,hb_peakPAE_value,25.24,,,
9,MMPA_V1_v15tb_11,hb_gainAt-20dbm_value,17.7,> 18,,near
9,MMPA_V1_v15tb_11,hb_PAEAtOcp1dbm,10.22,,,
9,MMPA_V1_v15tb_11,hb_comp_curve,,,,
9,MMPA_V1_v15tb_11,hb_outputPowerW_curve,,,,
9,MMPA_V1_v15tb_11,hb_outputPowerDBM_curve,,,,
9,MMPA_V1_v15tb_11,hb_PAE_curve,,,,
9,MMPA_V1_v15tb_10,hb_comp_curve,,,,
9,MMPA_V1_v15tb_10,hb_ocp1dbm_value,12.31,,,
9,MMPA_V1_v15tb_10,hb_peakPAE_value,22.11,,,
9,MMPA_V1_v15tb_10,hb_gainAt-20dbm_value,18.09,> 18,,pass
9,MMPA_V1_v15tb_10,hb_PAEAtOcp1dbm,15.16,,,
9,MMPA_V1_v15tb_10,hb_outputPowerW_curve,,,,
9,MMPA_V1_v15tb_10,hb_outputPowerDBM_curve,,,,
9,MMPA_V1_v15tb_10,hb_PAE_curve,,,,
9,MMPA_V1_v15tb_10,/OUTPUT_PORT/PLUS,,,,
9,MMPA_V1_v15tb_10,/vdd!,,,,
9,MMPA_V1_v15tb_10,/INPUT_PORT/PLUS,,,,
9,MMPA_V1_v15tb_10,/INPUT_NODE,,,,
9,MMPA_V1_v15tb_10,/VDD/PLUS,,,,
9,MMPA_V1_v15tb_01,hb_comp_curve,,,,
9,MMPA_V1_v15tb_01,hb_ocp1dbm_value,5.069,,,
9,MMPA_V1_v15tb_01,hb_peakPAE_value,8.57,,,
9,MMPA_V1_v15tb_01,hb_gainAt-20dbm_value,18.36,> 18,,pass
9,MMPA_V1_v15tb_01,hb_PAEAtOcp1dbm,3.85,,,
9,MMPA_V1_v15tb_01,hb_outputPowerW_curve,,,,
9,MMPA_V1_v15tb_01,hb_outputPowerDBM_curve,,,,
9,MMPA_V1_v15tb_01,hb_PAE_curve,,,,
9,MMPA_V1_v15tb_01,/VDD/PLUS,,,,
9,MMPA_V1_v15tb_01,/OUTPUT_PORT/PLUS,,,,
9,MMPA_V1_v15tb_01,/vdd!,,,,
9,MMPA_V1_v15tb_01,/INPUT_NODE,,,,
9,MMPA_V1_v15tb_01,/INPUT_PORT/PLUS,,,,
Parameters: input_port_f=6.45G,,,,,,
10,MMPA_V1_v15tb_11,hb_ocp1dbm_value,12.16,,,
10,MMPA_V1_v15tb_11,hb_peakPAE_value,25.15,,,
10,MMPA_V1_v15tb_11,hb_gainAt-20dbm_value,17.92,> 18,,near
10,MMPA_V1_v15tb_11,hb_PAEAtOcp1dbm,10.08,,,
10,MMPA_V1_v15tb_11,hb_comp_curve,,,,
10,MMPA_V1_v15tb_11,hb_outputPowerW_curve,,,,
10,MMPA_V1_v15tb_11,hb_outputPowerDBM_curve,,,,
10,MMPA_V1_v15tb_11,hb_PAE_curve,,,,
10,MMPA_V1_v15tb_10,hb_comp_curve,,,,
10,MMPA_V1_v15tb_10,hb_ocp1dbm_value,11.94,,,
10,MMPA_V1_v15tb_10,hb_peakPAE_value,22.13,,,
10,MMPA_V1_v15tb_10,hb_gainAt-20dbm_value,18.52,> 18,,pass
10,MMPA_V1_v15tb_10,hb_PAEAtOcp1dbm,13.96,,,
10,MMPA_V1_v15tb_10,hb_outputPowerW_curve,,,,
10,MMPA_V1_v15tb_10,hb_outputPowerDBM_curve,,,,
10,MMPA_V1_v15tb_10,hb_PAE_curve,,,,
10,MMPA_V1_v15tb_10,/OUTPUT_PORT/PLUS,,,,
10,MMPA_V1_v15tb_10,/vdd!,,,,
10,MMPA_V1_v15tb_10,/INPUT_PORT/PLUS,,,,
10,MMPA_V1_v15tb_10,/INPUT_NODE,,,,
10,MMPA_V1_v15tb_10,/VDD/PLUS,,,,
10,MMPA_V1_v15tb_01,hb_comp_curve,,,,
10,MMPA_V1_v15tb_01,hb_ocp1dbm_value,4.467,,,
10,MMPA_V1_v15tb_01,hb_peakPAE_value,8.459,,,
10,MMPA_V1_v15tb_01,hb_gainAt-20dbm_value,18.72,> 18,,pass
10,MMPA_V1_v15tb_01,hb_PAEAtOcp1dbm,3.36,,,
10,MMPA_V1_v15tb_01,hb_outputPowerW_curve,,,,
10,MMPA_V1_v15tb_01,hb_outputPowerDBM_curve,,,,
10,MMPA_V1_v15tb_01,hb_PAE_curve,,,,
10,MMPA_V1_v15tb_01,/VDD/PLUS,,,,
10,MMPA_V1_v15tb_01,/OUTPUT_PORT/PLUS,,,,
10,MMPA_V1_v15tb_01,/vdd!,,,,
10,MMPA_V1_v15tb_01,/INPUT_NODE,,,,
10,MMPA_V1_v15tb_01,/INPUT_PORT/PLUS,,,,
Parameters: input_port_f=6.5G,,,,,,
11,MMPA_V1_v15tb_11,hb_ocp1dbm_value,12.09,,,
11,MMPA_V1_v15tb_11,hb_peakPAE_value,25.06,,,
11,MMPA_V1_v15tb_11,hb_gainAt-20dbm_value,18.12,> 18,,pass
11,MMPA_V1_v15tb_11,hb_PAEAtOcp1dbm,9.936,,,
11,MMPA_V1_v15tb_11,hb_comp_curve,,,,
11,MMPA_V1_v15tb_11,hb_outputPowerW_curve,,,,
11,MMPA_V1_v15tb_11,hb_outputPowerDBM_curve,,,,
11,MMPA_V1_v15tb_11,hb_PAE_curve,,,,
11,MMPA_V1_v15tb_10,hb_comp_curve,,,,
11,MMPA_V1_v15tb_10,hb_ocp1dbm_value,11.54,,,
11,MMPA_V1_v15tb_10,hb_peakPAE_value,22.07,,,
11,MMPA_V1_v15tb_10,hb_gainAt-20dbm_value,18.84,> 18,,pass
11,MMPA_V1_v15tb_10,hb_PAEAtOcp1dbm,12.78,,,
11,MMPA_V1_v15tb_10,hb_outputPowerW_curve,,,,
11,MMPA_V1_v15tb_10,hb_outputPowerDBM_curve,,,,
11,MMPA_V1_v15tb_10,hb_PAE_curve,,,,
11,MMPA_V1_v15tb_10,/OUTPUT_PORT/PLUS,,,,
11,MMPA_V1_v15tb_10,/vdd!,,,,
11,MMPA_V1_v15tb_10,/INPUT_PORT/PLUS,,,,
11,MMPA_V1_v15tb_10,/INPUT_NODE,,,,
11,MMPA_V1_v15tb_10,/VDD/PLUS,,,,
11,MMPA_V1_v15tb_01,hb_comp_curve,,,,
11,MMPA_V1_v15tb_01,hb_ocp1dbm_value,4.015,,,
11,MMPA_V1_v15tb_01,hb_peakPAE_value,8.342,,,
11,MMPA_V1_v15tb_01,hb_gainAt-20dbm_value,18.9,> 18,,pass
11,MMPA_V1_v15tb_01,hb_PAEAtOcp1dbm,3.032,,,
11,MMPA_V1_v15tb_01,hb_outputPowerW_curve,,,,
11,MMPA_V1_v15tb_01,hb_outputPowerDBM_curve,,,,
11,MMPA_V1_v15tb_01,hb_PAE_curve,,,,
11,MMPA_V1_v15tb_01,/VDD/PLUS,,,,
11,MMPA_V1_v15tb_01,/OUTPUT_PORT/PLUS,,,,
11,MMPA_V1_v15tb_01,/vdd!,,,,
11,MMPA_V1_v15tb_01,/INPUT_NODE,,,,
11,MMPA_V1_v15tb_01,/INPUT_PORT/PLUS,,,,
Parameters: input_port_f=6.55G,,,,,,
12,MMPA_V1_v15tb_11,hb_ocp1dbm_value,12.03,,,
12,MMPA_V1_v15tb_11,hb_peakPAE_value,24.95,,,
12,MMPA_V1_v15tb_11,hb_gainAt-20dbm_value,18.28,> 18,,pass
12,MMPA_V1_v15tb_11,hb_PAEAtOcp1dbm,9.818,,,
12,MMPA_V1_v15tb_11,hb_comp_curve,,,,
12,MMPA_V1_v15tb_11,hb_outputPowerW_curve,,,,
12,MMPA_V1_v15tb_11,hb_outputPowerDBM_curve,,,,
12,MMPA_V1_v15tb_11,hb_PAE_curve,,,,
12,MMPA_V1_v15tb_10,hb_comp_curve,,,,
12,MMPA_V1_v15tb_10,hb_ocp1dbm_value,11.14,,,
12,MMPA_V1_v15tb_10,hb_peakPAE_value,21.87,,,
12,MMPA_V1_v15tb_10,hb_gainAt-20dbm_value,19.04,> 18,,pass
12,MMPA_V1_v15tb_10,hb_PAEAtOcp1dbm,11.67,,,
12,MMPA_V1_v15tb_10,hb_outputPowerW_curve,,,,
12,MMPA_V1_v15tb_10,hb_outputPowerDBM_curve,,,,
12,MMPA_V1_v15tb_10,hb_PAE_curve,,,,
12,MMPA_V1_v15tb_10,/OUTPUT_PORT/PLUS,,,,
12,MMPA_V1_v15tb_10,/vdd!,,,,
12,MMPA_V1_v15tb_10,/INPUT_PORT/PLUS,,,,
12,MMPA_V1_v15tb_10,/INPUT_NODE,,,,
12,MMPA_V1_v15tb_10,/VDD/PLUS,,,,
12,MMPA_V1_v15tb_01,hb_comp_curve,,,,
12,MMPA_V1_v15tb_01,hb_ocp1dbm_value,3.702,,,
12,MMPA_V1_v15tb_01,hb_peakPAE_value,8.234,,,
12,MMPA_V1_v15tb_01,hb_gainAt-20dbm_value,18.91,> 18,,pass
12,MMPA_V1_v15tb_01,hb_PAEAtOcp1dbm,2.823,,,
12,MMPA_V1_v15tb_01,hb_outputPowerW_curve,,,,
12,MMPA_V1_v15tb_01,hb_outputPowerDBM_curve,,,,
12,MMPA_V1_v15tb_01,hb_PAE_curve,,,,
12,MMPA_V1_v15tb_01,/VDD/PLUS,,,,
12,MMPA_V1_v15tb_01,/OUTPUT_PORT/PLUS,,,,
12,MMPA_V1_v15tb_01,/vdd!,,,,
12,MMPA_V1_v15tb_01,/INPUT_NODE,,,,
12,MMPA_V1_v15tb_01,/INPUT_PORT/PLUS,,,,
Parameters: input_port_f=6.6G,,,,,,
13,MMPA_V1_v15tb_11,hb_ocp1dbm_value,11.98,,,
13,MMPA_V1_v15tb_11,hb_peakPAE_value,24.81,,,
13,MMPA_V1_v15tb_11,hb_gainAt-20dbm_value,18.4,> 18,,pass
13,MMPA_V1_v15tb_11,hb_PAEAtOcp1dbm,9.703,,,
13,MMPA_V1_v15tb_11,hb_comp_curve,,,,
13,MMPA_V1_v15tb_11,hb_outputPowerW_curve,,,,
13,MMPA_V1_v15tb_11,hb_outputPowerDBM_curve,,,,
13,MMPA_V1_v15tb_11,hb_PAE_curve,,,,
13,MMPA_V1_v15tb_10,hb_comp_curve,,,,
13,MMPA_V1_v15tb_10,hb_ocp1dbm_value,10.81,,,
13,MMPA_V1_v15tb_10,hb_peakPAE_value,21.64,,,
13,MMPA_V1_v15tb_10,hb_gainAt-20dbm_value,19.11,> 18,,pass
13,MMPA_V1_v15tb_10,hb_PAEAtOcp1dbm,10.83,,,
13,MMPA_V1_v15tb_10,hb_outputPowerW_curve,,,,
13,MMPA_V1_v15tb_10,hb_outputPowerDBM_curve,,,,
13,MMPA_V1_v15tb_10,hb_PAE_curve,,,,
13,MMPA_V1_v15tb_10,/OUTPUT_PORT/PLUS,,,,
13,MMPA_V1_v15tb_10,/vdd!,,,,
13,MMPA_V1_v15tb_10,/INPUT_PORT/PLUS,,,,
13,MMPA_V1_v15tb_10,/INPUT_NODE,,,,
13,MMPA_V1_v15tb_10,/VDD/PLUS,,,,
13,MMPA_V1_v15tb_01,hb_comp_curve,,,,
13,MMPA_V1_v15tb_01,hb_ocp1dbm_value,3.475,,,
13,MMPA_V1_v15tb_01,hb_peakPAE_value,8.119,,,
13,MMPA_V1_v15tb_01,hb_gainAt-20dbm_value,18.75,> 18,,pass
13,MMPA_V1_v15tb_01,hb_PAEAtOcp1dbm,2.678,,,
13,MMPA_V1_v15tb_01,hb_outputPowerW_curve,,,,
13,MMPA_V1_v15tb_01,hb_outputPowerDBM_curve,,,,
13,MMPA_V1_v15tb_01,hb_PAE_curve,,,,
13,MMPA_V1_v15tb_01,/VDD/PLUS,,,,
13,MMPA_V1_v15tb_01,/OUTPUT_PORT/PLUS,,,,
13,MMPA_V1_v15tb_01,/vdd!,,,,
13,MMPA_V1_v15tb_01,/INPUT_NODE,,,,
13,MMPA_V1_v15tb_01,/INPUT_PORT/PLUS,,,,
Parameters: input_port_f=6.65G,,,,,,
14,MMPA_V1_v15tb_11,hb_ocp1dbm_value,11.93,,,
14,MMPA_V1_v15tb_11,hb_peakPAE_value,24.62,,,
14,MMPA_V1_v15tb_11,hb_gainAt-20dbm_value,18.47,> 18,,pass
14,MMPA_V1_v15tb_11,hb_PAEAtOcp1dbm,9.589,,,
14,MMPA_V1_v15tb_11,hb_comp_curve,,,,
14,MMPA_V1_v15tb_11,hb_outputPowerW_curve,,,,
14,MMPA_V1_v15tb_11,hb_outputPowerDBM_curve,,,,
14,MMPA_V1_v15tb_11,hb_PAE_curve,,,,
14,MMPA_V1_v15tb_10,hb_comp_curve,,,,
14,MMPA_V1_v15tb_10,hb_ocp1dbm_value,10.56,,,
14,MMPA_V1_v15tb_10,hb_peakPAE_value,21.42,,,
14,MMPA_V1_v15tb_10,hb_gainAt-20dbm_value,19.05,> 18,,pass
14,MMPA_V1_v15tb_10,hb_PAEAtOcp1dbm,10.24,,,
14,MMPA_V1_v15tb_10,hb_outputPowerW_curve,,,,
14,MMPA_V1_v15tb_10,hb_outputPowerDBM_curve,,,,
14,MMPA_V1_v15tb_10,hb_PAE_curve,,,,
14,MMPA_V1_v15tb_10,/OUTPUT_PORT/PLUS,,,,
14,MMPA_V1_v15tb_10,/vdd!,,,,
14,MMPA_V1_v15tb_10,/INPUT_PORT/PLUS,,,,
14,MMPA_V1_v15tb_10,/INPUT_NODE,,,,
14,MMPA_V1_v15tb_10,/VDD/PLUS,,,,
14,MMPA_V1_v15tb_01,hb_comp_curve,,,,
14,MMPA_V1_v15tb_01,hb_ocp1dbm_value,3.317,,,
14,MMPA_V1_v15tb_01,hb_peakPAE_value,7.972,,,
14,MMPA_V1_v15tb_01,hb_gainAt-20dbm_value,18.47,> 18,,pass
14,MMPA_V1_v15tb_01,hb_PAEAtOcp1dbm,2.58,,,
14,MMPA_V1_v15tb_01,hb_outputPowerW_curve,,,,
14,MMPA_V1_v15tb_01,hb_outputPowerDBM_curve,,,,
14,MMPA_V1_v15tb_01,hb_PAE_curve,,,,
14,MMPA_V1_v15tb_01,/VDD/PLUS,,,,
14,MMPA_V1_v15tb_01,/OUTPUT_PORT/PLUS,,,,
14,MMPA_V1_v15tb_01,/vdd!,,,,
14,MMPA_V1_v15tb_01,/INPUT_NODE,,,,
14,MMPA_V1_v15tb_01,/INPUT_PORT/PLUS,,,,
Parameters: input_port_f=6.7G,,,,,,
15,MMPA_V1_v15tb_11,hb_ocp1dbm_value,11.87,,,
15,MMPA_V1_v15tb_11,hb_peakPAE_value,24.39,,,
15,MMPA_V1_v15tb_11,hb_gainAt-20dbm_value,18.51,> 18,,pass
15,MMPA_V1_v15tb_11,hb_PAEAtOcp1dbm,9.469,,,
15,MMPA_V1_v15tb_11,hb_comp_curve,,,,
15,MMPA_V1_v15tb_11,hb_outputPowerW_curve,,,,
15,MMPA_V1_v15tb_11,hb_outputPowerDBM_curve,,,,
15,MMPA_V1_v15tb_11,hb_PAE_curve,,,,
15,MMPA_V1_v15tb_10,hb_comp_curve,,,,
15,MMPA_V1_v15tb_10,hb_ocp1dbm_value,10.38,,,
15,MMPA_V1_v15tb_10,hb_peakPAE_value,21.15,,,
15,MMPA_V1_v15tb_10,hb_gainAt-20dbm_value,18.87,> 18,,pass
15,MMPA_V1_v15tb_10,hb_PAEAtOcp1dbm,9.825,,,
15,MMPA_V1_v15tb_10,hb_outputPowerW_curve,,,,
15,MMPA_V1_v15tb_10,hb_outputPowerDBM_curve,,,,
15,MMPA_V1_v15tb_10,hb_PAE_curve,,,,
15,MMPA_V1_v15tb_10,/OUTPUT_PORT/PLUS,,,,
15,MMPA_V1_v15tb_10,/vdd!,,,,
15,MMPA_V1_v15tb_10,/INPUT_PORT/PLUS,,,,
15,MMPA_V1_v15tb_10,/INPUT_NODE,,,,
15,MMPA_V1_v15tb_10,/VDD/PLUS,,,,
15,MMPA_V1_v15tb_01,hb_comp_curve,,,,
15,MMPA_V1_v15tb_01,hb_ocp1dbm_value,3.239,,,
15,MMPA_V1_v15tb_01,hb_peakPAE_value,7.807,,,
15,MMPA_V1_v15tb_01,hb_gainAt-20dbm_value,18.09,> 18,,pass
15,MMPA_V1_v15tb_01,hb_PAEAtOcp1dbm,2.531,,,
15,MMPA_V1_v15tb_01,hb_outputPowerW_curve,,,,
15,MMPA_V1_v15tb_01,hb_outputPowerDBM_curve,,,,
15,MMPA_V1_v15tb_01,hb_PAE_curve,,,,
15,MMPA_V1_v15tb_01,/VDD/PLUS,,,,
15,MMPA_V1_v15tb_01,/OUTPUT_PORT/PLUS,,,,
15,MMPA_V1_v15tb_01,/vdd!,,,,
15,MMPA_V1_v15tb_01,/INPUT_NODE,,,,
15,MMPA_V1_v15tb_01,/INPUT_PORT/PLUS,,,,
Parameters: input_port_f=6.75G,,,,,,
16,MMPA_V1_v15tb_11,hb_ocp1dbm_value,11.83,,,
16,MMPA_V1_v15tb_11,hb_peakPAE_value,24.13,,,
16,MMPA_V1_v15tb_11,hb_gainAt-20dbm_value,18.5,> 18,,pass
16,MMPA_V1_v15tb_11,hb_PAEAtOcp1dbm,9.365,,,
16,MMPA_V1_v15tb_11,hb_comp_curve,,,,
16,MMPA_V1_v15tb_11,hb_outputPowerW_curve,,,,
16,MMPA_V1_v15tb_11,hb_outputPowerDBM_curve,,,,
16,MMPA_V1_v15tb_11,hb_PAE_curve,,,,
16,MMPA_V1_v15tb_10,hb_comp_curve,,,,
16,MMPA_V1_v15tb_10,hb_ocp1dbm_value,10.24,,,
16,MMPA_V1_v15tb_10,hb_peakPAE_value,20.79,,,
16,MMPA_V1_v15tb_10,hb_gainAt-20dbm_value,18.58,> 18,,pass
16,MMPA_V1_v15tb_10,hb_PAEAtOcp1dbm,9.495,,,
16,MMPA_V1_v15tb_10,hb_outputPowerW_curve,,,,
16,MMPA_V1_v15tb_10,hb_outputPowerDBM_curve,,,,
16,MMPA_V1_v15tb_10,hb_PAE_curve,,,,
16,MMPA_V1_v15tb_10,/OUTPUT_PORT/PLUS,,,,
16,MMPA_V1_v15tb_10,/vdd!,,,,
16,MMPA_V1_v15tb_10,/INPUT_PORT/PLUS,,,,
16,MMPA_V1_v15tb_10,/INPUT_NODE,,,,
16,MMPA_V1_v15tb_10,/VDD/PLUS,,,,
16,MMPA_V1_v15tb_01,hb_comp_curve,,,,
16,MMPA_V1_v15tb_01,hb_ocp1dbm_value,3.206,,,
16,MMPA_V1_v15tb_01,hb_peakPAE_value,7.646,,,
16,MMPA_V1_v15tb_01,hb_gainAt-20dbm_value,17.64,> 18,,near
16,MMPA_V1_v15tb_01,hb_PAEAtOcp1dbm,2.506,,,
16,MMPA_V1_v15tb_01,hb_outputPowerW_curve,,,,
16,MMPA_V1_v15tb_01,hb_outputPowerDBM_curve,,,,
16,MMPA_V1_v15tb_01,hb_PAE_curve,,,,
16,MMPA_V1_v15tb_01,/VDD/PLUS,,,,
16,MMPA_V1_v15tb_01,/OUTPUT_PORT/PLUS,,,,
16,MMPA_V1_v15tb_01,/vdd!,,,,
16,MMPA_V1_v15tb_01,/INPUT_NODE,,,,
16,MMPA_V1_v15tb_01,/INPUT_PORT/PLUS,,,,
Parameters: input_port_f=6.8G,,,,,,
17,MMPA_V1_v15tb_11,hb_ocp1dbm_value,11.8,,,
17,MMPA_V1_v15tb_11,hb_peakPAE_value,23.87,,,
17,MMPA_V1_v15tb_11,hb_gainAt-20dbm_value,18.44,> 18,,pass
17,MMPA_V1_v15tb_11,hb_PAEAtOcp1dbm,9.297,,,
17,MMPA_V1_v15tb_11,hb_comp_curve,,,,
17,MMPA_V1_v15tb_11,hb_outputPowerW_curve,,,,
17,MMPA_V1_v15tb_11,hb_outputPowerDBM_curve,,,,
17,MMPA_V1_v15tb_11,hb_PAE_curve,,,,
17,MMPA_V1_v15tb_10,hb_comp_curve,,,,
17,MMPA_V1_v15tb_10,hb_ocp1dbm_value,10.13,,,
17,MMPA_V1_v15tb_10,hb_peakPAE_value,20.38,,,
17,MMPA_V1_v15tb_10,hb_gainAt-20dbm_value,18.2,> 18,,pass
17,MMPA_V1_v15tb_10,hb_PAEAtOcp1dbm,9.26,,,
17,MMPA_V1_v15tb_10,hb_outputPowerW_curve,,,,
17,MMPA_V1_v15tb_10,hb_outputPowerDBM_curve,,,,
17,MMPA_V1_v15tb_10,hb_PAE_curve,,,,
17,MMPA_V1_v15tb_10,/OUTPUT_PORT/PLUS,,,,
17,MMPA_V1_v15tb_10,/vdd!,,,,
17,MMPA_V1_v15tb_10,/INPUT_PORT/PLUS,,,,
17,MMPA_V1_v15tb_10,/INPUT_NODE,,,,
17,MMPA_V1_v15tb_10,/VDD/PLUS,,,,
17,MMPA_V1_v15tb_01,hb_comp_curve,,,,
17,MMPA_V1_v15tb_01,hb_ocp1dbm_value,3.183,,,
17,MMPA_V1_v15tb_01,hb_peakPAE_value,7.497,,,
17,MMPA_V1_v15tb_01,hb_gainAt-20dbm_value,17.13,> 18,,near
17,MMPA_V1_v15tb_01,hb_PAEAtOcp1dbm,2.487,,,
17,MMPA_V1_v15tb_01,hb_outputPowerW_curve,,,,
17,MMPA_V1_v15tb_01,hb_outputPowerDBM_curve,,,,
17,MMPA_V1_v15tb_01,hb_PAE_curve,,,,
17,MMPA_V1_v15tb_01,/VDD/PLUS,,,,
17,MMPA_V1_v15tb_01,/OUTPUT_PORT/PLUS,,,,
17,MMPA_V1_v15tb_01,/vdd!,,,,
17,MMPA_V1_v15tb_01,/INPUT_NODE,,,,
17,MMPA_V1_v15tb_01,/INPUT_PORT/PLUS,,,,
Parameters: input_port_f=6.85G,,,,,,
18,MMPA_V1_v15tb_11,hb_ocp1dbm_value,11.78,,,
18,MMPA_V1_v15tb_11,hb_peakPAE_value,23.62,,,
18,MMPA_V1_v15tb_11,hb_gainAt-20dbm_value,18.33,> 18,,pass
18,MMPA_V1_v15tb_11,hb_PAEAtOcp1dbm,9.255,,,
18,MMPA_V1_v15tb_11,hb_comp_curve,,,,
18,MMPA_V1_v15tb_11,hb_outputPowerW_curve,,,,
18,MMPA_V1_v15tb_11,hb_outputPowerDBM_curve,,,,
18,MMPA_V1_v15tb_11,hb_PAE_curve,,,,
18,MMPA_V1_v15tb_10,hb_comp_curve,,,,
18,MMPA_V1_v15tb_10,hb_ocp1dbm_value,10.08,,,
18,MMPA_V1_v15tb_10,hb_peakPAE_value,19.96,,,
18,MMPA_V1_v15tb_10,hb_gainAt-20dbm_value,17.74,> 18,,near
18,MMPA_V1_v15tb_10,hb_PAEAtOcp1dbm,9.124,,,
18,MMPA_V1_v15tb_10,hb_outputPowerW_curve,,,,
18,MMPA_V1_v15tb_10,hb_outputPowerDBM_curve,,,,
18,MMPA_V1_v15tb_10,hb_PAE_curve,,,,
18,MMPA_V1_v15tb_10,/OUTPUT_PORT/PLUS,,,,
18,MMPA_V1_v15tb_10,/vdd!,,,,
18,MMPA_V1_v15tb_10,/INPUT_PORT/PLUS,,,,
18,MMPA_V1_v15tb_10,/INPUT_NODE,,,,
18,MMPA_V1_v15tb_10,/VDD/PLUS,,,,
18,MMPA_V1_v15tb_01,hb_comp_curve,,,,
18,MMPA_V1_v15tb_01,hb_ocp1dbm_value,3.176,,,
18,MMPA_V1_v15tb_01,hb_peakPAE_value,7.352,,,
18,MMPA_V1_v15tb_01,hb_gainAt-20dbm_value,16.59,> 18,,near
18,MMPA_V1_v15tb_01,hb_PAEAtOcp1dbm,2.475,,,
18,MMPA_V1_v15tb_01,hb_outputPowerW_curve,,,,
18,MMPA_V1_v15tb_01,hb_outputPowerDBM_curve,,,,
18,MMPA_V1_v15tb_01,hb_PAE_curve,,,,
18,MMPA_V1_v15tb_01,/VDD/PLUS,,,,
18,MMPA_V1_v15tb_01,/OUTPUT_PORT/PLUS,,,,
18,MMPA_V1_v15tb_01,/vdd!,,,,
18,MMPA_V1_v15tb_01,/INPUT_NODE,,,,
18,MMPA_V1_v15tb_01,/INPUT_PORT/PLUS,,,,
Parameters: input_port_f=6.9G,,,,,,
19,MMPA_V1_v15tb_11,hb_ocp1dbm_value,11.76,,,
19,MMPA_V1_v15tb_11,hb_peakPAE_value,23.37,,,
19,MMPA_V1_v15tb_11,hb_gainAt-20dbm_value,18.17,> 18,,pass
19,MMPA_V1_v15tb_11,hb_PAEAtOcp1dbm,9.224,,,
19,MMPA_V1_v15tb_11,hb_comp_curve,,,,
19,MMPA_V1_v15tb_11,hb_outputPowerW_curve,,,,
19,MMPA_V1_v15tb_11,hb_outputPowerDBM_curve,,,,
19,MMPA_V1_v15tb_11,hb_PAE_curve,,,,
19,MMPA_V1_v15tb_10,hb_comp_curve,,,,
19,MMPA_V1_v15tb_10,hb_ocp1dbm_value,10.04,,,
19,MMPA_V1_v15tb_10,hb_peakPAE_value,19.53,,,
19,MMPA_V1_v15tb_10,hb_gainAt-20dbm_value,17.23,> 18,,near
19,MMPA_V1_v15tb_10,hb_PAEAtOcp1dbm,9.037,,,
19,MMPA_V1_v15tb_10,hb_outputPowerW_curve,,,,
19,MMPA_V1_v15tb_10,hb_outputPowerDBM_curve,,,,
19,MMPA_V1_v15tb_10,hb_PAE_curve,,,,
19,MMPA_V1_v15tb_10,/OUTPUT_PORT/PLUS,,,,
19,MMPA_V1_v15tb_10,/vdd!,,,,
19,MMPA_V1_v15tb_10,/INPUT_PORT/PLUS,,,,
19,MMPA_V1_v15tb_10,/INPUT_NODE,,,,
19,MMPA_V1_v15tb_10,/VDD/PLUS,,,,
19,MMPA_V1_v15tb_01,hb_comp_curve,,,,
19,MMPA_V1_v15tb_01,hb_ocp1dbm_value,3.189,,,
19,MMPA_V1_v15tb_01,hb_peakPAE_value,7.183,,,
19,MMPA_V1_v15tb_01,hb_gainAt-20dbm_value,16.03,> 18,,fail
19,MMPA_V1_v15tb_01,hb_PAEAtOcp1dbm,2.475,,,
19,MMPA_V1_v15tb_01,hb_outputPowerW_curve,,,,
19,MMPA_V1_v15tb_01,hb_outputPowerDBM_curve,,,,
19,MMPA_V1_v15tb_01,hb_PAE_curve,,,,
19,MMPA_V1_v15tb_01,/VDD/PLUS,,,,
19,MMPA_V1_v15tb_01,/OUTPUT_PORT/PLUS,,,,
19,MMPA_V1_v15tb_01,/vdd!,,,,
19,MMPA_V1_v15tb_01,/INPUT_NODE,,,,
19,MMPA_V1_v15tb_01,/INPUT_PORT/PLUS,,,,
Parameters: input_port_f=6.95G,,,,,,
20,MMPA_V1_v15tb_11,hb_ocp1dbm_value,11.76,,,
20,MMPA_V1_v15tb_11,hb_peakPAE_value,23.09,,,
20,MMPA_V1_v15tb_11,hb_gainAt-20dbm_value,17.98,> 18,,near
20,MMPA_V1_v15tb_11,hb_PAEAtOcp1dbm,9.202,,,
20,MMPA_V1_v15tb_11,hb_comp_curve,,,,
20,MMPA_V1_v15tb_11,hb_outputPowerW_curve,,,,
20,MMPA_V1_v15tb_11,hb_outputPowerDBM_curve,,,,
20,MMPA_V1_v15tb_11,hb_PAE_curve,,,,
20,MMPA_V1_v15tb_10,hb_comp_curve,,,,
20,MMPA_V1_v15tb_10,hb_ocp1dbm_value,10.02,,,
20,MMPA_V1_v15tb_10,hb_peakPAE_value,19.06,,,
20,MMPA_V1_v15tb_10,hb_gainAt-20dbm_value,16.67,> 18,,near
20,MMPA_V1_v15tb_10,hb_PAEAtOcp1dbm,8.965,,,
20,MMPA_V1_v15tb_10,hb_outputPowerW_curve,,,,
20,MMPA_V1_v15tb_10,hb_outputPowerDBM_curve,,,,
20,MMPA_V1_v15tb_10,hb_PAE_curve,,,,
20,MMPA_V1_v15tb_10,/OUTPUT_PORT/PLUS,,,,
20,MMPA_V1_v15tb_10,/vdd!,,,,
20,MMPA_V1_v15tb_10,/INPUT_PORT/PLUS,,,,
20,MMPA_V1_v15tb_10,/INPUT_NODE,,,,
20,MMPA_V1_v15tb_10,/VDD/PLUS,,,,
20,MMPA_V1_v15tb_01,hb_comp_curve,,,,
20,MMPA_V1_v15tb_01,hb_ocp1dbm_value,3.225,,,
20,MMPA_V1_v15tb_01,hb_peakPAE_value,6.998,,,
20,MMPA_V1_v15tb_01,hb_gainAt-20dbm_value,15.45,> 18,,fail
20,MMPA_V1_v15tb_01,hb_PAEAtOcp1dbm,2.485,,,
20,MMPA_V1_v15tb_01,hb_outputPowerW_curve,,,,
20,MMPA_V1_v15tb_01,hb_outputPowerDBM_curve,,,,
20,MMPA_V1_v15tb_01,hb_PAE_curve,,,,
20,MMPA_V1_v15tb_01,/VDD/PLUS,,,,
20,MMPA_V1_v15tb_01,/OUTPUT_PORT/PLUS,,,,
20,MMPA_V1_v15tb_01,/vdd!,,,,
20,MMPA_V1_v15tb_01,/INPUT_NODE,,,,
20,MMPA_V1_v15tb_01,/INPUT_PORT/PLUS,,,,
Parameters: input_port_f=7G,,,,,,
21,MMPA_V1_v15tb_11,hb_ocp1dbm_value,11.74,,,
21,MMPA_V1_v15tb_11,hb_peakPAE_value,22.76,,,
21,MMPA_V1_v15tb_11,hb_gainAt-20dbm_value,17.74,> 18,,near
21,MMPA_V1_v15tb_11,hb_PAEAtOcp1dbm,9.175,,,
21,MMPA_V1_v15tb_11,hb_comp_curve,,,,
21,MMPA_V1_v15tb_11,hb_outputPowerW_curve,,,,
21,MMPA_V1_v15tb_11,hb_outputPowerDBM_curve,,,,
21,MMPA_V1_v15tb_11,hb_PAE_curve,,,,
21,MMPA_V1_v15tb_10,hb_comp_curve,,,,
21,MMPA_V1_v15tb_10,hb_ocp1dbm_value,10.01,,,
21,MMPA_V1_v15tb_10,hb_peakPAE_value,18.54,,,
21,MMPA_V1_v15tb_10,hb_gainAt-20dbm_value,16.08,> 18,,fail
21,MMPA_V1_v15tb_10,hb_PAEAtOcp1dbm,8.914,,,
21,MMPA_V1_v15tb_10,hb_outputPowerW_curve,,,,
21,MMPA_V1_v15tb_10,hb_outputPowerDBM_curve,,,,
21,MMPA_V1_v15tb_10,hb_PAE_curve,,,,
21,MMPA_V1_v15tb_10,/OUTPUT_PORT/PLUS,,,,
21,MMPA_V1_v15tb_10,/vdd!,,,,
21,MMPA_V1_v15tb_10,/INPUT_PORT/PLUS,,,,
21,MMPA_V1_v15tb_10,/INPUT_NODE,,,,
21,MMPA_V1_v15tb_10,/VDD/PLUS,,,,
21,MMPA_V1_v15tb_01,hb_comp_curve,,,,
21,MMPA_V1_v15tb_01,hb_ocp1dbm_value,3.255,,,
21,MMPA_V1_v15tb_01,hb_peakPAE_value,6.807,,,
21,MMPA_V1_v15tb_01,hb_gainAt-20dbm_value,14.87,> 18,,fail
21,MMPA_V1_v15tb_01,hb_PAEAtOcp1dbm,2.492,,,
21,MMPA_V1_v15tb_01,hb_outputPowerW_curve,,,,
21,MMPA_V1_v15tb_01,hb_outputPowerDBM_curve,,,,
21,MMPA_V1_v15tb_01,hb_PAE_curve,,,,
21,MMPA_V1_v15tb_01,/VDD/PLUS,,,,
21,MMPA_V1_v15tb_01,/OUTPUT_PORT/PLUS,,,,
21,MMPA_V1_v15tb_01,/vdd!,,,,
21,MMPA_V1_v15tb_01,/INPUT_NODE,,,,
21,MMPA_V1_v15tb_01,/INPUT_PORT/PLUS,,,,
Parameters: input_port_f=7.05G,,,,,,
22,MMPA_V1_v15tb_11,hb_ocp1dbm_value,11.74,,,
22,MMPA_V1_v15tb_11,hb_peakPAE_value,22.41,,,
22,MMPA_V1_v15tb_11,hb_gainAt-20dbm_value,17.47,> 18,,near
22,MMPA_V1_v15tb_11,hb_PAEAtOcp1dbm,9.166,,,
22,MMPA_V1_v15tb_11,hb_comp_curve,,,,
22,MMPA_V1_v15tb_11,hb_outputPowerW_curve,,,,
22,MMPA_V1_v15tb_11,hb_outputPowerDBM_curve,,,,
22,MMPA_V1_v15tb_11,hb_PAE_curve,,,,
22,MMPA_V1_v15tb_10,hb_comp_curve,,,,
22,MMPA_V1_v15tb_10,hb_ocp1dbm_value,10.02,,,
22,MMPA_V1_v15tb_10,hb_peakPAE_value,17.99,,,
22,MMPA_V1_v15tb_10,hb_gainAt-20dbm_value,15.47,> 18,,fail
22,MMPA_V1_v15tb_10,hb_PAEAtOcp1dbm,8.899,,,
22,MMPA_V1_v15tb_10,hb_outputPowerW_curve,,,,
22,MMPA_V1_v15tb_10,hb_outputPowerDBM_curve,,,,
22,MMPA_V1_v15tb_10,hb_PAE_curve,,,,
22,MMPA_V1_v15tb_10,/OUTPUT_PORT/PLUS,,,,
22,MMPA_V1_v15tb_10,/vdd!,,,,
22,MMPA_V1_v15tb_10,/INPUT_PORT/PLUS,,,,
22,MMPA_V1_v15tb_10,/INPUT_NODE,,,,
22,MMPA_V1_v15tb_10,/VDD/PLUS,,,,
22,MMPA_V1_v15tb_01,hb_comp_curve,,,,
22,MMPA_V1_v15tb_01,hb_ocp1dbm_value,3.283,,,
22,MMPA_V1_v15tb_01,hb_peakPAE_value,6.629,,,
22,MMPA_V1_v15tb_01,hb_gainAt-20dbm_value,14.29,> 18,,fail
22,MMPA_V1_v15tb_01,hb_PAEAtOcp1dbm,2.495,,,
22,MMPA_V1_v15tb_01,hb_outputPowerW_curve,,,,
22,MMPA_V1_v15tb_01,hb_outputPowerDBM_curve,,,,
22,MMPA_V1_v15tb_01,hb_PAE_curve,,,,
22,MMPA_V1_v15tb_01,/VDD/PLUS,,,,
22,MMPA_V1_v15tb_01,/OUTPUT_PORT/PLUS,,,,
22,MMPA_V1_v15tb_01,/vdd!,,,,
22,MMPA_V1_v15tb_01,/INPUT_NODE,,,,
22,MMPA_V1_v15tb_01,/INPUT_PORT/PLUS,,,,
Parameters: input_port_f=7.1G,,,,,,
23,MMPA_V1_v15tb_11,hb_ocp1dbm_value,11.75,,,
23,MMPA_V1_v15tb_11,hb_peakPAE_value,22.05,,,
23,MMPA_V1_v15tb_11,hb_gainAt-20dbm_value,17.18,> 18,,near
23,MMPA_V1_v15tb_11,hb_PAEAtOcp1dbm,9.172,,,
23,MMPA_V1_v15tb_11,hb_comp_curve,,,,
23,MMPA_V1_v15tb_11,hb_outputPowerW_curve,,,,
23,MMPA_V1_v15tb_11,hb_outputPowerDBM_curve,,,,
23,MMPA_V1_v15tb_11,hb_PAE_curve,,,,
23,MMPA_V1_v15tb_10,hb_comp_curve,,,,
23,MMPA_V1_v15tb_10,hb_ocp1dbm_value,10.03,,,
23,MMPA_V1_v15tb_10,hb_peakPAE_value,17.4,,,
23,MMPA_V1_v15tb_10,hb_gainAt-20dbm_value,14.85,> 18,,fail
23,MMPA_V1_v15tb_10,hb_PAEAtOcp1dbm,8.895,,,
23,MMPA_V1_v15tb_10,hb_outputPowerW_curve,,,,
23,MMPA_V1_v15tb_10,hb_outputPowerDBM_curve,,,,
23,MMPA_V1_v15tb_10,hb_PAE_curve,,,,
23,MMPA_V1_v15tb_10,/OUTPUT_PORT/PLUS,,,,
23,MMPA_V1_v15tb_10,/vdd!,,,,
23,MMPA_V1_v15tb_10,/INPUT_PORT/PLUS,,,,
23,MMPA_V1_v15tb_10,/INPUT_NODE,,,,
23,MMPA_V1_v15tb_10,/VDD/PLUS,,,,
23,MMPA_V1_v15tb_01,hb_comp_curve,,,,
23,MMPA_V1_v15tb_01,hb_ocp1dbm_value,3.302,,,
23,MMPA_V1_v15tb_01,hb_peakPAE_value,6.457,,,
23,MMPA_V1_v15tb_01,hb_gainAt-20dbm_value,13.7,> 18,,fail
23,MMPA_V1_v15tb_01,hb_PAEAtOcp1dbm,2.494,,,
23,MMPA_V1_v15tb_01,hb_outputPowerW_curve,,,,
23,MMPA_V1_v15tb_01,hb_outputPowerDBM_curve,,,,
23,MMPA_V1_v15tb_01,hb_PAE_curve,,,,
23,MMPA_V1_v15tb_01,/VDD/PLUS,,,,
23,MMPA_V1_v15tb_01,/OUTPUT_PORT/PLUS,,,,
23,MMPA_V1_v15tb_01,/vdd!,,,,
23,MMPA_V1_v15tb_01,/INPUT_NODE,,,,
23,MMPA_V1_v15tb_01,/INPUT_PORT/PLUS,,,,
Parameters: input_port_f=7.15G,,,,,,
24,MMPA_V1_v15tb_11,hb_ocp1dbm_value,11.76,,,
24,MMPA_V1_v15tb_11,hb_peakPAE_value,21.68,,,
24,MMPA_V1_v15tb_11,hb_gainAt-20dbm_value,16.85,> 18,,near
24,MMPA_V1_v15tb_11,hb_PAEAtOcp1dbm,9.179,,,
24,MMPA_V1_v15tb_11,hb_comp_curve,,,,
24,MMPA_V1_v15tb_11,hb_outputPowerW_curve,,,,
24,MMPA_V1_v15tb_11,hb_outputPowerDBM_curve,,,,
24,MMPA_V1_v15tb_11,hb_PAE_curve,,,,
24,MMPA_V1_v15tb_10,hb_comp_curve,,,,
24,MMPA_V1_v15tb_10,hb_ocp1dbm_value,10.05,,,
24,MMPA_V1_v15tb_10,hb_peakPAE_value,16.8,,,
24,MMPA_V1_v15tb_10,hb_gainAt-20dbm_value,14.24,> 18,,fail
24,MMPA_V1_v15tb_10,hb_PAEAtOcp1dbm,8.883,,,
24,MMPA_V1_v15tb_10,hb_outputPowerW_curve,,,,
24,MMPA_V1_v15tb_10,hb_outputPowerDBM_curve,,,,
24,MMPA_V1_v15tb_10,hb_PAE_curve,,,,
24,MMPA_V1_v15tb_10,/OUTPUT_PORT/PLUS,,,,
24,MMPA_V1_v15tb_10,/vdd!,,,,
24,MMPA_V1_v15tb_10,/INPUT_PORT/PLUS,,,,
24,MMPA_V1_v15tb_10,/INPUT_NODE,,,,
24,MMPA_V1_v15tb_10,/VDD/PLUS,,,,
24,MMPA_V1_v15tb_01,hb_comp_curve,,,,
24,MMPA_V1_v15tb_01,hb_ocp1dbm_value,3.331,,,
24,MMPA_V1_v15tb_01,hb_peakPAE_value,6.279,,,
24,MMPA_V1_v15tb_01,hb_gainAt-20dbm_value,13.13,> 18,,fail
24,MMPA_V1_v15tb_01,hb_PAEAtOcp1dbm,2.496,,,
24,MMPA_V1_v15tb_01,hb_outputPowerW_curve,,,,
24,MMPA_V1_v15tb_01,hb_outputPowerDBM_curve,,,,
24,MMPA_V1_v15tb_01,hb_PAE_curve,,,,
24,MMPA_V1_v15tb_01,/VDD/PLUS,,,,
24,MMPA_V1_v15tb_01,/OUTPUT_PORT/PLUS,,,,
24,MMPA_V1_v15tb_01,/vdd!,,,,
24,MMPA_V1_v15tb_01,/INPUT_NODE,,,,
24,MMPA_V1_v15tb_01,/INPUT_PORT/PLUS,,,,
Parameters: input_port_f=7.2G,,,,,,
25,MMPA_V1_v15tb_11,hb_ocp1dbm_value,11.76,,,
25,MMPA_V1_v15tb_11,hb_peakPAE_value,21.31,,,
25,MMPA_V1_v15tb_11,hb_gainAt-20dbm_value,16.51,> 18,,near
25,MMPA_V1_v15tb_11,hb_PAEAtOcp1dbm,9.183,,,
25,MMPA_V1_v15tb_11,hb_comp_curve,,,,
25,MMPA_V1_v15tb_11,hb_outputPowerW_curve,,,,
25,MMPA_V1_v15tb_11,hb_outputPowerDBM_curve,,,,
25,MMPA_V1_v15tb_11,hb_PAE_curve,,,,
25,MMPA_V1_v15tb_10,hb_comp_curve,,,,
25,MMPA_V1_v15tb_10,hb_ocp1dbm_value,10.05,,,
25,MMPA_V1_v15tb_10,hb_peakPAE_value,16.22,,,
25,MMPA_V1_v15tb_10,hb_gainAt-20dbm_value,13.62,> 18,,fail
25,MMPA_V1_v15tb_10,hb_PAEAtOcp1dbm,8.845,,,
25,MMPA_V1_v15tb_10,hb_outputPowerW_curve,,,,
25,MMPA_V1_v15tb_10,hb_outputPowerDBM_curve,,,,
25,MMPA_V1_v15tb_10,hb_PAE_curve,,,,
25,MMPA_V1_v15tb_10,/OUTPUT_PORT/PLUS,,,,
25,MMPA_V1_v15tb_10,/vdd!,,,,
25,MMPA_V1_v15tb_10,/INPUT_PORT/PLUS,,,,
25,MMPA_V1_v15tb_10,/INPUT_NODE,,,,
25,MMPA_V1_v15tb_10,/VDD/PLUS,,,,
25,MMPA_V1_v15tb_01,hb_comp_curve,,,,
25,MMPA_V1_v15tb_01,hb_ocp1dbm_value,3.363,,,
25,MMPA_V1_v15tb_01,hb_peakPAE_value,6.094,,,
25,MMPA_V1_v15tb_01,hb_gainAt-20dbm_value,12.56,> 18,,fail
25,MMPA_V1_v15tb_01,hb_PAEAtOcp1dbm,2.498,,,
25,MMPA_V1_v15tb_01,hb_outputPowerW_curve,,,,
25,MMPA_V1_v15tb_01,hb_outputPowerDBM_curve,,,,
25,MMPA_V1_v15tb_01,hb_PAE_curve,,,,
25,MMPA_V1_v15tb_01,/VDD/PLUS,,,,
25,MMPA_V1_v15tb_01,/OUTPUT_PORT/PLUS,,,,
25,MMPA_V1_v15tb_01,/vdd!,,,,
25,MMPA_V1_v15tb_01,/INPUT_NODE,,,,
25,MMPA_V1_v15tb_01,/INPUT_PORT/PLUS,,,,
Parameters: input_port_f=7.25G,,,,,,
26,MMPA_V1_v15tb_11,hb_ocp1dbm_value,11.77,,,
26,MMPA_V1_v15tb_11,hb_peakPAE_value,20.96,,,
26,MMPA_V1_v15tb_11,hb_gainAt-20dbm_value,16.15,> 18,,fail
26,MMPA_V1_v15tb_11,hb_PAEAtOcp1dbm,9.179,,,
26,MMPA_V1_v15tb_11,hb_comp_curve,,,,
26,MMPA_V1_v15tb_11,hb_outputPowerW_curve,,,,
26,MMPA_V1_v15tb_11,hb_outputPowerDBM_curve,,,,
26,MMPA_V1_v15tb_11,hb_PAE_curve,,,,
26,MMPA_V1_v15tb_10,hb_comp_curve,,,,
26,MMPA_V1_v15tb_10,hb_ocp1dbm_value,10.05,,,
26,MMPA_V1_v15tb_10,hb_peakPAE_value,15.64,,,
26,MMPA_V1_v15tb_10,hb_gainAt-20dbm_value,13.01,> 18,,fail
26,MMPA_V1_v15tb_10,hb_PAEAtOcp1dbm,8.792,,,
26,MMPA_V1_v15tb_10,hb_outputPowerW_curve,,,,
26,MMPA_V1_v15tb_10,hb_outputPowerDBM_curve,,,,
26,MMPA_V1_v15tb_10,hb_PAE_curve,,,,
26,MMPA_V1_v15tb_10,/OUTPUT_PORT/PLUS,,,,
26,MMPA_V1_v15tb_10,/vdd!,,,,
26,MMPA_V1_v15tb_10,/INPUT_PORT/PLUS,,,,
26,MMPA_V1_v15tb_10,/INPUT_NODE,,,,
26,MMPA_V1_v15tb_10,/VDD/PLUS,,,,
26,MMPA_V1_v15tb_01,hb_comp_curve,,,,
26,MMPA_V1_v15tb_01,hb_ocp1dbm_value,3.401,,,
26,MMPA_V1_v15tb_01,hb_peakPAE_value,5.905,,,
26,MMPA_V1_v15tb_01,hb_gainAt-20dbm_value,12,> 18,,fail
26,MMPA_V1_v15tb_01,hb_PAEAtOcp1dbm,2.503,,,
26,MMPA_V1_v15tb_01,hb_outputPowerW_curve,,,,
26,MMPA_V1_v15tb_01,hb_outputPowerDBM_curve,,,,
26,MMPA_V1_v15tb_01,hb_PAE_curve,,,,
26,MMPA_V1_v15tb_01,/VDD/PLUS,,,,
26,MMPA_V1_v15tb_01,/OUTPUT_PORT/PLUS,,,,
26,MMPA_V1_v15tb_01,/vdd!,,,,
26,MMPA_V1_v15tb_01,/INPUT_NODE,,,,
26,MMPA_V1_v15tb_01,/INPUT_PORT/PLUS,,,,
Parameters: input_port_f=7.3G,,,,,,
27,MMPA_V1_v15tb_11,hb_ocp1dbm_value,11.77,,,
27,MMPA_V1_v15tb_11,hb_peakPAE_value,20.59,,,
27,MMPA_V1_v15tb_11,hb_gainAt-20dbm_value,15.78,> 18,,fail
27,MMPA_V1_v15tb_11,hb_PAEAtOcp1dbm,9.166,,,
27,MMPA_V1_v15tb_11,hb_comp_curve,,,,
27,MMPA_V1_v15tb_11,hb_outputPowerW_curve,,,,
27,MMPA_V1_v15tb_11,hb_outputPowerDBM_curve,,,,
27,MMPA_V1_v15tb_11,hb_PAE_curve,,,,
27,MMPA_V1_v15tb_10,hb_comp_curve,,,,
27,MMPA_V1_v15tb_10,hb_ocp1dbm_value,10.04,,,
27,MMPA_V1_v15tb_10,hb_peakPAE_value,15.06,,,
27,MMPA_V1_v15tb_10,hb_gainAt-20dbm_value,12.41,> 18,,fail
27,MMPA_V1_v15tb_10,hb_PAEAtOcp1dbm,8.728,,,
27,MMPA_V1_v15tb_10,hb_outputPowerW_curve,,,,
27,MMPA_V1_v15tb_10,hb_outputPowerDBM_curve,,,,
27,MMPA_V1_v15tb_10,hb_PAE_curve,,,,
27,MMPA_V1_v15tb_10,/OUTPUT_PORT/PLUS,,,,
27,MMPA_V1_v15tb_10,/vdd!,,,,
27,MMPA_V1_v15tb_10,/INPUT_PORT/PLUS,,,,
27,MMPA_V1_v15tb_10,/INPUT_NODE,,,,
27,MMPA_V1_v15tb_10,/VDD/PLUS,,,,
27,MMPA_V1_v15tb_01,hb_comp_curve,,,,
27,MMPA_V1_v15tb_01,hb_ocp1dbm_value,3.432,,,
27,MMPA_V1_v15tb_01,hb_peakPAE_value,5.716,,,
27,MMPA_V1_v15tb_01,hb_gainAt-20dbm_value,11.45,> 18,,fail
27,MMPA_V1_v15tb_01,hb_PAEAtOcp1dbm,2.503,,,
27,MMPA_V1_v15tb_01,hb_outputPowerW_curve,,,,
27,MMPA_V1_v15tb_01,hb_outputPowerDBM_curve,,,,
27,MMPA_V1_v15tb_01,hb_PAE_curve,,,,
27,MMPA_V1_v15tb_01,/VDD/PLUS,,,,
27,MMPA_V1_v15tb_01,/OUTPUT_PORT/PLUS,,,,
27,MMPA_V1_v15tb_01,/vdd!,,,,
27,MMPA_V1_v15tb_01,/INPUT_NODE,,,,
27,MMPA_V1_v15tb_01,/INPUT_PORT/PLUS,,,,

